TP,FP,FN,precision,recall,F,consistency
585,261,190,0.6914893617021277,0.7548387096774194,0.7217766810610735,72.17766810610735
