TP,FP,FN,precision,recall,F,consistency
154,692,54,0.18203309692671396,0.7403846153846154,0.2922201138519924,29.22201138519924
