TP,FP,FN,precision,recall,F,consistency
176,1559,37,0.10144092219020173,0.8262910798122066,0.1806981519507187,18.069815195071868
