TP,FP,FN,precision,recall,F,consistency
663,1072,123,0.38213256484149855,0.8435114503816794,0.5259817532725108,52.59817532725109
