TP,FP,FN,precision,recall,F,consistency
28,1707,9,0.016138328530259365,0.7567567567567568,0.03160270880361174,3.160270880361174
