TP,FP,FN,precision,recall,F,consistency
57,486,63,0.10497237569060773,0.475,0.17194570135746606,17.194570135746606
