TP,FP,FN,precision,recall,F,consistency
330,516,77,0.3900709219858156,0.8108108108108109,0.5267358339984038,52.67358339984038
