TP,FP,FN,precision,recall,F,consistency
22,824,12,0.026004728132387706,0.6470588235294118,0.04999999999999999,5.0
