TP,FP,FN,precision,recall,F,consistency
79,767,47,0.0933806146572104,0.626984126984127,0.16255144032921812,16.255144032921812
