TP,FP,FN,precision,recall,F,consistency
28,1719,9,0.01602747567258157,0.7567567567567568,0.03139013452914798,3.1390134529147984
