TP,FP,FN,precision,recall,F,consistency
113,430,79,0.20810313075506445,0.5885416666666666,0.3074829931972789,30.74829931972789
