TP,FP,FN,precision,recall,F,consistency
181,1566,37,0.10360618202633086,0.8302752293577982,0.18422391857506362,18.422391857506362
