TP,FP,FN,precision,recall,F,consistency
451,92,279,0.8305709023941068,0.6178082191780822,0.7085624509033779,70.85624509033778
