TP,FP,FN,precision,recall,F,consistency
10,308,20,0.031446540880503145,0.3333333333333333,0.05747126436781609,5.747126436781609
