TP,FP,FN,precision,recall,F,consistency
365,1382,44,0.20892959358900973,0.8924205378973105,0.3385899814471243,33.85899814471243
