TP,FP,FN,precision,recall,F,consistency
94,1653,33,0.053806525472238124,0.7401574803149606,0.10032017075773746,10.032017075773746
