TP,FP,FN,precision,recall,F,consistency
365,1370,44,0.21037463976945245,0.8924205378973105,0.34048507462686567,34.048507462686565
