TP,FP,FN,precision,recall,F,consistency
668,1079,123,0.38236977676016026,0.8445006321112516,0.5263987391646967,52.63987391646966
