TP,FP,FN,precision,recall,F,consistency
32,286,74,0.10062893081761007,0.3018867924528302,0.1509433962264151,15.09433962264151
