TP,FP,FN,precision,recall,F,consistency
18,525,14,0.03314917127071823,0.5625,0.06260869565217392,6.260869565217392
