TP,FP,FN,precision,recall,F,consistency
263,280,123,0.4843462246777164,0.6813471502590673,0.566200215285253,56.6200215285253
