TP,FP,FN,precision,recall,F,consistency
175,143,177,0.550314465408805,0.4971590909090909,0.5223880597014925,52.23880597014925
