TP,FP,FN,precision,recall,F,consistency
59,259,111,0.18553459119496854,0.34705882352941175,0.24180327868852458,24.18032786885246
