TP,FP,FN,precision,recall,F,consistency
276,42,382,0.8679245283018868,0.4194528875379939,0.5655737704918034,56.557377049180324
