TP,FP,FN,precision,recall,F,consistency
94,1641,33,0.054178674351585014,0.7401574803149606,0.10096670247046187,10.096670247046188
