Score,Min Term Size,TP,FP,FN,P,R,F
5,3,216,410,575,0.3450479233226837,0.27307206068268014,0.30486944248412134
